game_seq,sheet,game_on_sheet
1,IMG_2885,1
2,IMG_2885,2
3,IMG_2885,3
4,IMG_2886,1
5,IMG_2886,2
6,IMG_2886,3
7,IMG_2887,1
8,IMG_2887,2
9,IMG_2887,3
10,IMG_2888,1
11,IMG_2888,2
12,IMG_2888,3
13,IMG_2889,1
14,IMG_2889,2
15,IMG_2889,3
16,IMG_2890,1
17,IMG_2890,2
18,IMG_2890,3
19,IMG_2891,1
20,IMG_2891,2
21,IMG_2891,3
22,IMG_2892,1
23,IMG_2892,2
24,IMG_2892,3
25,IMG_2893,1
26,IMG_2893,2
27,IMG_2893,3
28,IMG_2894,1
29,IMG_2894,2
30,IMG_2894,3
31,IMG_2895,1
32,IMG_2895,2
33,IMG_2895,3
34,IMG_2896,1
35,IMG_2896,2
36,IMG_2896,3
37,IMG_2897,1
38,IMG_2897,2
39,IMG_2897,3
40,IMG_2898,1
41,IMG_2898,2
42,IMG_2898,3
43,IMG_2899,1
44,IMG_2899,2
45,IMG_2899,3
46,IMG_2900,1
47,IMG_2900,2
48,IMG_2900,3
49,IMG_2901,1
50,IMG_2901,2
51,IMG_2901,3
52,IMG_2902,1
53,IMG_2902,2
54,IMG_2902,3
55,IMG_2903,1
56,IMG_2903,2
57,IMG_2903,3
58,IMG_2904,1
59,IMG_2904,2
60,IMG_2904,3
61,IMG_2905,1
62,IMG_2905,2
63,IMG_2905,3
64,IMG_2906,1
65,IMG_2906,2
66,IMG_2906,3
67,IMG_2907,1
68,IMG_2907,2
69,IMG_2907,3
70,IMG_2908,1
71,IMG_2908,2
72,IMG_2908,3
73,IMG_2909,1
74,IMG_2909,2
75,IMG_2909,3
76,IMG_2910,1
77,IMG_2910,2
78,IMG_2910,3
79,IMG_2911,1
80,IMG_2911,2
81,IMG_2911,3
82,IMG_2912,1
83,IMG_2912,2
84,IMG_2912,3
85,IMG_2913,1
86,IMG_2913,2
87,IMG_2913,3
88,IMG_2914,1
89,IMG_2914,2
90,IMG_2914,3
91,IMG_2915,1
92,IMG_2915,2
93,IMG_2915,3
94,IMG_2916,1
95,IMG_2916,2
96,IMG_2916,3
97,IMG_2917,1
98,IMG_2917,2
99,IMG_2917,3
100,IMG_2918,1
101,IMG_2918,2
102,IMG_2918,3
